wavelength,mean_reflectance_gt_5
350.60193709,33.817567566
351.03772818,32.65496434399999
351.47350942,31.016666664000002
351.90928082,31.094360693000006
352.34504234,30.743243240999995
352.78079397,29.807256235
353.21653569,29.948834563000002
353.65226748,30.772222226000004
354.08798932,30.370370371999996
354.5237012,30.375350141000002
354.95940309,31.542261251999996
355.39509497,32.653061222999995
355.83077683,32.743114105000004
356.26644864,32.64013452799999
356.70211039,31.971671386000004
357.13776206,31.299005267000002
357.57340363,30.328831474999998
358.00903508,30.134581627
358.44465639,30.374926774
358.88026755,30.553613057
359.31586852,32.675266408000006
359.7514593,32.782462053
360.18703986,33.05725403
360.62261019,33.504132228
361.05817026,34.281752636
361.49372007,31.752232145000004
361.92925958,32.032657661
362.36478878,31.790295592999996
362.80030765,32.147273747999996
363.23581617,31.173526139
363.67131432,32.426636566
364.10680209,31.469772600000006
364.54227945,31.892045455000005
364.97774638,30.628242078
365.41320287,31.895462377
365.8486489,31.634285716
366.28408445,32.820366131
366.71950949,32.759815243000006
367.15492401,33.448863639
367.590328,31.856733526
368.02572142,32.91425260999999
368.46110427,33.172011659999995
368.89647652,33.174061432
369.33183815,34.203714124
369.76718915,34.90725126699999
370.2025295,34.307948861999996
370.63785917,33.450704224
371.07317815,33.335135136
371.50848642,32.002188186
371.94378395,31.232201535
372.37907074,31.01685699
372.81434676,31.01425439
373.24961199,30.486456607999997
373.68486642,31.472826084999998
374.12011002,32.817831592000005
374.55534277,31.709956713999997
374.99056467,31.994444447
375.42577567,32.384658145
375.86097578,31.918903486000005
376.29616497,31.212968142
376.73134321,32.825836221
377.1665105,33.540372669
377.6016668,34.30344049599999
378.03681211,34.852104665
378.47194641,35.528683916000006
378.90706966,33.93788130899999
379.34218187,32.380422693
379.777283,32.224108659
380.21237303,31.299619360999998
380.64745196,30.395449623
381.08251975,31.230266739999998
381.5175764,31.751904245
381.95262187,32.16880341700001
382.38765616,33.43195266
382.82267924,33.579638747999994
383.25769109,32.980203317000004
383.6926917,32.128661086
384.12768105,31.158730157999997
384.56265911,30.193029489000004
384.99762586,31.453674123999996
385.4325813,31.541778974999993
385.8675254,31.935129191999998
386.30245813,32.517866959
386.73737949,31.960043193999997
387.17228945,29.599783670000004
387.60718799,29.17153478299999
388.04207509,29.867303608000004
388.47695074,29.619989590999996
388.91181492,29.899894623
389.3466676,31.312863948999997
389.78150877,31.835306781000003
390.21633841,32.069878245
390.6511565,31.265091859
391.08596302,31.688515995
391.52075795,31.768916156999996
391.95554127,32.438524589
392.39031297,30.920372287
392.82507302,30.918580377
393.2598214,30.771558245
393.6945581,29.826388888000004
394.1292831,29.677734377
394.56399638,30.539620806
394.99869791,30.639115807999996
395.43338769,30.333660453
395.86806568,30.518703243000004
396.30273188,30.977777777
396.73738625,30.269607840000003
397.1720288,30.171484565999997
397.60665948,29.823473282
398.04127829,30.168697279999996
398.47588521,28.411301527
398.91048022,28.923992676
399.34506329,28.810260944
399.77963441,28.622202721999997
400.21419356,28.147007045
400.64874072,27.903930133
401.08327588,26.810326434
401.517799,26.060223203
401.95231008,26.050836949000008
402.3868091,25.989347011
402.82129603,26.304224283999996
403.25577086,25.962236745000002
403.69023356,25.6012333
404.12468412,25.399561265000003
404.55912252,25.191519437
404.99354874,24.971644612
405.42796276,24.594230552999996
405.86236457,23.770234475000002
406.29675414,22.943689653
406.73113145,22.105968149000002
407.16549648,21.176696052
407.59984922,20.554169829000003
408.03418965,20.203477618
408.46851774,19.664234723
408.90283349,19.371773382999997
409.33713686,19.094628862
409.77142784,18.866189482
410.20570642,18.624666494
410.63997256,18.548891149000003
411.07422626,18.361355663
411.50846749,18.346159471999997
411.94269624,18.172392285999997
412.37691248,18.109475943
412.81111621,18.125210578
413.24530738,18.131977366
413.679486,18.114751238000004
414.11365204,18.164478852
414.54780547,18.24491966
414.98194629,18.202588447999997
415.41607447,18.22515781
415.85018999,18.195331109
416.28429284,18.219112077
416.71838299,18.194653334999998
417.15246043,18.144086606
417.58652514,18.101104788999997
418.02057709,18.087143379000004
418.45461627,18.071218700000003
418.88864266,18.030804749999998
419.32265625,18.066621743
419.756657,18.073541166
420.19064491,18.105175546
420.62461995,18.130018869
421.0585821,18.163994386000002
421.49253135,18.180781493000005
421.92646768,18.202000002
422.36039106,18.219265139
422.79430148,18.235906824000004
423.22819892,18.252964622
423.66208336,18.235453218000004
424.09595478,18.207063441
424.52981316,18.182602296000002
424.96365849,18.140454661
425.39749074,18.086032434
425.83130989,18.099817644999998
426.26511593,18.075492242000003
426.69890883,18.053805535
427.13268858,18.017447783999998
427.56645516,18.018566529
428.00020855,17.980509452
428.43394873,17.975722778
428.86767568,17.995381762
429.30138939,18.01551011
429.73508982,18.030895227
430.16877697,18.027574774999998
430.60245081,18.063850123
431.03611133,18.069356497
431.46975851,18.092845751000002
431.90339232,18.096604665999998
432.33701276,18.118590686
432.77061979,18.117772176
433.2042134,18.094801052
433.63779357,18.040243384
434.07136029,17.981956078999996
434.50491352,17.926223353000005
434.93845327,17.872810963
435.37197949,17.809675079
435.80549219,17.786755622999998
436.23899132,17.757371753999998
436.67247689,17.731251639
437.10594887,17.699213747
437.53940723,17.693620977
437.97285197,17.691914872999998
438.40628306,17.722913824
438.83970048,17.756137902
439.27310421,17.794209947999995
439.70649424,17.823193597
440.13987054,17.849451250999998
440.5732331,17.843917372999996
441.00658189,17.835665614
441.4399169,17.838437813000002
441.87323811,17.815745989
442.30654551,17.787129885000002
442.73983906,17.760978361000003
443.17311875,17.741677950000003
443.60638457,17.68850744
444.03963649,17.663513114999997
444.47287449,17.609304528999996
444.90609856,17.560944225000004
445.33930868,17.496624736
445.77250482,17.454412499
446.20568697,17.418358791
446.63885511,17.40679636
447.07200922,17.419801651
447.50514928,17.44750026
447.93827527,17.467965147999998
448.37138718,17.514557694999997
448.80448497,17.550463201
449.23756865,17.583657845
449.67063818,17.578863984999998
450.10369354,17.607505598
450.53673472,17.598135149
450.9697617,17.587194066000002
451.40277446,17.559095828
451.83577298,17.54385284
452.26875725,17.488366311
452.70172723,17.44545377
453.13468291,17.403184680000003
453.56762428,17.365117122999997
454.00055132,17.33035673
454.433464,17.297822203000003
454.8663623,17.249280384
455.29924622,17.212628449
455.73211572,17.173368582000002
456.16497079,17.162926659999997
456.59781142,17.182518516
457.03063757,17.205929592
457.46344923,17.247724536
457.89624639,17.302656708
458.32902903,17.335098958
458.76179711,17.357592901
459.19455064,17.398584559
459.62728958,17.415191272999998
460.06001392,17.439761695999998
460.49272363,17.438579926000003
460.92541871,17.435036595999996
461.35809913,17.413252254999996
461.79076486,17.391136781
462.22341591,17.326533853
462.65605223,17.275383972999997
463.08867382,17.19819847
463.52128065,17.118233322000002
463.95387271,17.048986995
464.38644998,17.004349141
464.81901243,16.956095220999998
465.25156005,16.920845902
465.68409283,16.913939144
466.11661073,16.903805548
466.54911374,16.903653884
466.98160185,16.926636792
467.41407503,16.974575941
467.84653327,17.017164038
468.27897654,17.069358501000004
468.71140483,17.115527950000004
469.14381811,17.154338756999998
469.57621637,17.175816189
470.0085996,17.189373898999996
470.44096776,17.190106735999997
470.87332084,17.187692152
471.30565882,17.190379861000004
471.73798169,17.184365452999998
472.17028942,17.166615045000004
472.602582,17.146209188
473.0348594,17.116313588
473.4671216,17.053694109000002
473.8993686,16.992420506000002
474.33160036,16.920292647
474.76381687,16.839034576
475.19601811,16.760256491
475.62820407,16.714122451
476.06037471,16.686489012999996
476.49253003,16.683690855000002
476.92467,16.688695501999998
477.35679461,16.712785142999998
477.78890383,16.743581302999996
478.22099765,16.762445728
478.65307605,16.785106915
479.085139,16.834771595999996
479.5171865,16.873795327
479.94921851,16.92988614
480.38123503,16.97895291
480.81323602,17.020132236000002
481.24522149,17.044409351000002
481.67719139,17.076842253000002
482.10914572,17.073295819000002
482.54108446,17.069811961
482.97300758,17.056670299
483.40491507,17.033700777
483.83680691,16.984061856
484.26868308,16.929754184
484.70054356,16.863516178999998
485.13238833,16.796109647
485.56421738,16.737925699000005
485.99603067,16.685314985
486.4278282,16.642560558
486.85960995,16.617380423
487.29137589,16.589355318000003
487.72312601,16.570371041999998
488.15486029,16.572234899
488.5865787,16.554009086
489.01828124,16.557006497000003
489.44996788,16.580219772
489.8816386,16.601183898
490.31329338,16.635635177999998
490.7449322,16.684796686
491.17655505,16.723302596
491.6081619,16.763793028
492.03975274,16.796551301
492.47132755,16.802933196000005
492.90288631,16.821001334
493.33442899,16.833892486
493.76595559,16.832026695000003
494.19746607,16.837524018
494.62896043,16.84282377
495.06043864,16.850555898
495.49190069,16.836923044
495.92334655,16.810641898
496.3547762,16.780001925
496.78618963,16.749046126
497.21758682,16.709616188000002
497.64896774,16.669580896
498.08033239,16.638131765000004
498.51168074,16.598342948000003
498.94301276,16.572123007000002
499.37432845,16.546603550999997
499.80562778,16.541781349
500.23691074,16.54896219
500.6681773,16.558458281000004
501.09942745,16.563781816000002
501.53066116,16.574202639000003
501.96187842,16.583441053
502.39307921,16.601334676
502.82426351,16.627869736
503.2554313,16.651076681
503.68658256,16.673310125999997
504.11771727,16.693539640999997
504.54883542,16.712535418
504.97993698,16.738330228000002
505.41102193,16.76537069
505.84209026,16.790824295
506.27314195,16.810876994999994
506.70417698,16.810396928
507.13519532,16.789843411
507.56619696,16.762512433
507.99718189,16.725852045
508.42815007,16.67983786
508.8591015,16.638670272000002
509.29003615,16.594969155
509.72095401,16.558425180999997
510.15185505,16.526525424
510.58273926,16.496534372
511.01360661,16.483135170000004
511.44445709,16.468436058
511.87529069,16.43522115
512.30610737,16.414102586000002
512.73690712,16.400401237
513.16768992,16.380731951999998
513.59845576,16.382252189
514.02920461,16.409595573
514.45993645,16.428387995
514.89065127,16.469302095
515.32134905,16.510199965
515.75202976,16.552805807000002
516.18269339,16.602336251
516.61333992,16.645067606
517.04396933,16.673944709999997
517.4745816,16.700706123
517.90517671,16.713949039
518.33575465,16.71611359
518.76631539,16.725259856
519.19685891,16.728719600999998
519.6273852,16.723672313
520.05789424,16.720912108000004
520.488386,16.713125807999997
520.91886048,16.696997634
521.34931764,16.684059311
521.77975747,16.668562756000004
522.21017995,16.628034839
522.64058507,16.58833176
523.07097279,16.549293943
523.50134312,16.50066465
523.93169601,16.457711612
524.36203147,16.416911544999998
524.79234945,16.379634342
525.22264996,16.353773826
525.65293297,16.333573396
526.08319845,16.317537855
526.5134464,16.331118097999997
526.94367678,16.340561835
527.37388959,16.354928463
527.8040848,16.380155757999997
528.2342624,16.412504032
528.66442236,16.436524474000002
529.09456467,16.473646996000003
529.5246893,16.518630479
529.95479624,16.562199665
530.38488547,16.592519075000002
530.81495697,16.640119915
531.24501072,16.674814458999997
531.67504671,16.705265121000004
532.1050649,16.723788902000003
532.53506529,16.739375254000002
532.96504785,16.747947488
533.39501257,16.740219312
533.82495942,16.720700861000005
534.25488839,16.703120712000004
534.68479946,16.69442574
535.11469261,16.664562108
535.54456782,16.658190068
535.97442507,16.623883855
536.40426434,16.591583908
536.83408561,16.553003788999998
537.26388887,16.528722659
537.69367409,16.48668682
538.12344125,16.469418738999998
538.55319035,16.460696262
538.98292135,16.453834011999998
539.41263423,16.425861638
539.84232899,16.407815089
540.2720056,16.404109949000002
540.70166404,16.397562608999998
541.13130429,16.397337511
541.56092633,16.420251682
541.99053015,16.446342196
542.42011572,16.462098628
542.84968303,16.477690537
543.27923205,16.492468747
543.70876277,16.504361287000002
544.13827517,16.518580859
544.56776923,16.542064888999995
544.99724493,16.565281617000004
545.42670225,16.589395238
545.85614117,16.620015946000002
546.28556168,16.653479645
546.71496375,16.686121138999997
547.14434736,16.699219454
547.5737125,16.719267343000002
548.00305915,16.732924627
548.43238728,16.737239127
548.86169688,16.723101134
549.29098794,16.735217243999998
549.72026042,16.721979354000002
550.14951431,16.704698348
550.5787496,16.696022477
551.00796626,16.701587615
551.43716427,16.690859717
551.86634362,16.688180982
552.29550429,16.670810801
552.72464625,16.640807358
553.15376949,16.608273689000004
553.58287399,16.572261122999997
554.01195973,16.545063729
554.44102669,16.527184953000003
554.87007485,16.51001926
555.29910419,16.473372265000002
555.7281147,16.437716446
556.15710635,16.409910399999998
556.58607912,16.382530853
557.015033,16.362444072
557.44396797,16.356432765
557.87288401,16.368217844000004
558.3017811,16.378532308
558.73065921,16.395228864
559.15951834,16.425851676
559.58835846,16.464678385000003
560.01717955,16.495417835
560.4459816,16.517389093000002
560.87476458,16.542446918
561.30352847,16.563397044000002
561.73227326,16.587962335999997
562.16099893,16.613645777
562.58970546,16.646652547000002
563.01839282,16.685008517000004
563.44706101,16.701055056
563.87571,16.713183841
564.30433977,16.720449215
564.7329503,16.707692418
565.16154157,16.696327025
565.59011358,16.690790873
566.01866628,16.667450975
566.44719967,16.649118919
566.87571373,16.634959290999998
567.30420844,16.610460424000003
567.73268378,16.583800368
568.16113973,16.568860507999997
568.58957627,16.56282871
569.01799338,16.565506777
569.44639105,16.551040177000004
569.87476924,16.549606638
570.30312796,16.543461068
570.73146717,16.526675894
571.15978685,16.510380981
571.588087,16.508798161999998
572.01636758,16.494566814
572.44462858,16.485473321999997
572.87286998,16.464703679000003
573.30109177,16.451616237
573.72929391,16.439507125
574.1574764,16.43273473
574.58563922,16.427444126
575.01378234,16.427367163
575.44190574,16.43028875
575.87000941,16.451976357000003
576.29809333,16.470294842
576.72615748,16.499914343
577.15420184,16.529401333000003
577.58222639,16.553561439
578.01023111,16.567999311
578.43821598,16.590464719000003
578.86618099,16.610345286999998
579.29412611,16.633102406
579.72205133,16.645191128999997
580.14995662,16.664072572000002
580.57784197,16.687031238000003
581.00570736,16.717133241999996
581.43355276,16.743708406000003
581.86137817,16.777818144
582.28918356,16.796148625000004
582.7169689,16.804007892999998
583.1447342,16.781859801
583.57247941,16.768750965000002
584.00020453,16.735281967
584.42790954,16.712327695
584.85559441,16.685790395
585.28325913,16.664022535
585.71090368,16.632605056
586.13852803,16.614997081000002
586.56613218,16.581764003
586.9937161,16.557303941
587.42127977,16.536426919
587.84882317,16.507500354
588.27634629,16.469851740000003
588.7038491,16.445561328999997
589.13133159,16.428220649
589.55879373,16.406788598
589.98623551,16.4056058
590.41365691,16.409297712
590.84105791,16.411751332999998
591.26843849,16.411016396
591.69579863,16.420449202
592.12313831,16.428262898
592.55045752,16.446395602000003
592.97775623,16.482983814
593.40503442,16.508342077000002
593.83229208,16.533127593
594.25952919,16.548324895
594.68674573,16.568699892
595.11394167,16.566134083
595.541117,16.560709500999998
595.96827171,16.57030744
596.39540576,16.594028587
596.82251915,16.607685782
597.24961185,16.639052415000002
597.67668385,16.659571484000004
598.10373512,16.667715082
598.53076564,16.669554034999997
598.95777541,16.669813042999998
599.38476439,16.657944663000002
599.81173257,16.663457481000002
600.23867993,16.661027994
600.66560645,16.650075186
601.09251211,16.653927738
601.5193969,16.640967051
601.94626078,16.635504952999998
602.37310376,16.627237517000005
602.7999258,16.635685705
603.22672688,16.620696643000002
603.65350699,16.605631818
604.08026611,16.582578990000002
604.50700422,16.556823758
604.9337213,16.524361711999997
605.36041733,16.498627342
605.78709229,16.481065436
606.21374616,16.449008095
606.64037893,16.438571858
607.06699057,16.409330102
607.49358107,16.397257746
607.9201504,16.375453307
608.34669856,16.372297670000002
608.77322551,16.346792608999998
609.19973124,16.341903261
609.62621572,16.329924522
610.05267896,16.339477708
610.47912091,16.343998328999998
610.90554156,16.356727927
611.3319409,16.36889373
611.75831891,16.380558382
612.18467556,16.380947311000003
612.61101083,16.38270325
613.03732472,16.393378086000002
613.46361719,16.403891346
613.88988823,16.410201297000004
614.31613782,16.452609517999996
614.74236595,16.488053235000002
615.16857258,16.507316874999997
615.59475771,16.5313616
616.02092131,16.562393055
616.44706337,16.57876225
616.87318386,16.600722446
617.29928278,16.652803368
617.72536008,16.681334137
618.15141577,16.712026665000003
618.57744982,16.715348416999998
619.0034622,16.727545709999998
619.42945291,16.71742979
619.85542192,16.719647432
620.28136922,16.712310439000003
620.70729478,16.709016223
621.13319858,16.687850144000002
621.55908061,16.68043873
621.98494085,16.666412327
622.41077927,16.644163418000005
622.83659587,16.620740974999997
623.26239061,16.602400279
623.68816348,16.564347055000002
624.11391447,16.52444885
624.53964355,16.491261944
624.9653507,16.449792775
625.39103591,16.416512205
625.81669915,16.399874606
626.24234041,16.380065624999997
626.66795966,16.361954826999998
627.09355689,16.338376079000003
627.51913209,16.301720766
627.94468522,16.251433300000002
628.37021627,16.211264461
628.79572523,16.167520476
629.22121207,16.134923016
629.64667677,16.11188925
630.07211931,16.101885242
630.49753969,16.09197755
630.92293786,16.092013137
631.34831383,16.107838706
631.77366756,16.139580400000003
632.19899905,16.176862523
632.62430826,16.214711035
633.04959519,16.245313042
633.4748598,16.269493957
633.90010209,16.281313108
634.32532203,16.287610974
634.75051961,16.293727129
635.17569481,16.323834392000002
635.6008476,16.353657375
636.02597797,16.387186243
636.45108589,16.419472074000005
636.87617136,16.452337351
637.30123435,16.453509699999998
637.72627483,16.456199005
638.15129281,16.456554965000002
638.57628824,16.444360515999996
639.00126112,16.439633619
639.42621142,16.444755724
639.85113913,16.461667071
640.27604422,16.480891345
640.70092669,16.515630371999997
641.1257865,16.540544237
641.55062364,16.566242722
641.97543809,16.574340597
642.40022983,16.548102593000003
642.82499885,16.530190852000004
643.24974512,16.504342825000002
643.67446862,16.478026132999997
644.09916934,16.445961793
644.52384726,16.422799775
644.94850235,16.387746979
645.3731346,16.352393364999998
645.79774399,16.321882938999998
646.2223305,16.291532106
646.64689411,16.278014757
647.0714348,16.24686889
647.49595255,16.220964184
647.92044735,16.18661398
648.34491917,16.159066491
648.769368,16.122126783000002
649.19379381,16.091171612000004
649.61819659,16.068118707000004
650.04257632,16.036243929999998
650.46693298,16.010980768
650.89126655,15.992510222000002
651.31557701,15.992227021
651.73986434,15.983458377
652.16412852,15.991266821
652.58836954,15.997989019000002
653.01258737,16.004494799
653.436782,16.013140659
653.8609534,16.016819383
654.28510156,16.021317907000004
654.70922646,16.01097808
655.13332808,16.014625228000003
655.5574064,15.996354191
655.9814614,16.000592641999997
656.40549307,16.002969557
656.82950137,16.017353381
657.2534863,16.018133573
657.67744784,16.029214098
658.10138596,16.03596289
658.52530064,16.04998866
658.94919188,16.062537026999998
659.37305964,16.075815112
659.79690391,16.096957568
660.22072468,16.126519191999996
660.64452191,16.148349239
661.0682956,16.177371008
661.49204572,16.216965219000002
661.91577225,16.253014301999997
662.33947518,16.268214047999997
662.76315449,16.266079274
663.18681015,16.255983101
663.61044215,16.232182625
664.03405047,16.192982230000002
664.45763509,16.156453689
664.88119598,16.145403481
665.30473314,16.123965962999996
665.72824655,16.100730909
666.15173617,16.074298794
666.575202,16.058986013
666.99864402,16.021406031999998
667.4220622,16.001376055999998
667.84545653,15.990749552999997
668.26882699,15.986848982999998
668.69217355,15.972074541000001
669.11549621,15.967399085000002
669.53879494,15.946087081000002
669.96206971,15.919582779999999
670.38532052,15.887469384
670.80854735,15.85303691
671.23175017,15.817226272999998
671.65492896,15.782387
672.07808371,15.743268771999999
672.5012144,15.702171992
672.92432101,15.668218605000002
673.34740351,15.626345093000001
673.7704619,15.596797126999999
674.19349615,15.572764011999999
674.61650623,15.56580206
675.03949215,15.557221559999999
675.46245386,15.549240079000004
675.88539136,15.548139416999998
676.30830463,15.549695987000002
676.73119364,15.543031066999998
677.15405838,15.551629296000002
677.57689882,15.577418065000003
677.99971496,15.598075054999999
678.42250677,15.614969901999999
678.84527423,15.660927495
679.26801732,15.692393266999996
679.69073602,15.71518694
680.11343032,15.737468517999996
680.53610019,15.767069544999998
680.95874562,15.778527983999998
681.38136658,15.782114922
681.80396307,15.802381157000003
682.22653505,15.818842284000002
682.64908251,15.825742686000002
683.07160543,15.815863149
683.49410379,15.809775118000001
683.91657758,15.784119163
684.33902677,15.764529762999999
684.76145134,15.763732119
685.18385128,15.774152151
685.60622656,15.794922773000001
686.02857717,15.813973870000002
686.45090309,15.817467830000002
686.8732043,15.791443517
687.29548077,15.778801042999998
687.7177325,15.762381688
688.13995946,15.740029230000001
688.56216163,15.737386733
688.98433899,15.759619087999999
689.40649153,15.761064201
689.82861923,15.771649943999998
690.25072206,15.774254008
690.67280001,15.766056949
691.09485305,15.758969930000001
691.51688118,15.739897020999999
691.93888436,15.707505645000001
692.36086259,15.695713506999999
692.78281583,15.688216678999998
693.20474408,15.667847733999997
693.62664732,15.656678241
694.04852552,15.646624904000001
694.47037866,15.619240607
694.89220673,15.576247848
695.31400971,15.541162102000001
695.73578757,15.507904924000002
696.15754031,15.472595759999999
696.57926789,15.442183599999998
697.00097031,15.407527005
697.42264753,15.386806428
697.84429955,15.371208606
698.26592635,15.350484369000004
698.6875279,15.335661339999998
699.10910418,15.325100523999998
699.53065518,15.302254794000001
699.95218088,15.277466802000001
700.37368126,15.252570694
700.7951563,15.242391928999998
701.21660597,15.240126432999997
701.63803027,15.233224726
702.05942917,15.242396123999999
702.48080265,15.266863896999999
702.9021507,15.285839526999998
703.32347329,15.297805474
703.74477041,15.302418022000001
704.16604204,15.309075155999997
704.58728815,15.306985047999998
705.00850873,15.308026995000002
705.42970376,15.321351646999997
705.85087322,15.352418776999997
706.2720171,15.367673994000004
706.69313536,15.388747688
707.114228,15.414021111
707.53529499,15.427812294
707.95633632,15.436034597999997
708.37735196,15.461296882
708.7983419,15.486899110000001
709.21930612,15.506148152000003
709.6402446,15.540654522
710.06115731,15.583980510999998
710.48204425,15.606704775999997
710.90290539,15.622508788
711.32374071,15.632722703000002
711.7445502,15.650748909999999
712.16533383,15.647489057000001
712.58609158,15.640274377
713.00682344,15.649641613999998
713.42752939,15.647158110000001
713.84820941,15.645721927
714.26886347,15.629266578
714.68949157,15.628023085999999
715.11009368,15.610808879
715.53066977,15.596343328
715.95121984,15.57579838
716.37174387,15.558211507
716.79224183,15.527621858999998
717.2127137,15.510375476000002
717.63315947,15.485615516000001
718.05357912,15.44368379
718.47397263,15.411513440000002
718.89433997,15.376422709000002
719.31468114,15.316593179999998
719.7349961,15.263324942
720.15528485,15.213503696
720.57554736,15.171496721
720.99578362,15.123439121
721.4159936,15.095152635
721.83617729,15.073696970000004
722.25633466,15.066424799
722.6764657,15.045655447000001
723.09657039,15.043071165
723.51664871,15.027235169000003
723.93670063,14.99494138
724.35672615,14.966029738
724.77672524,14.953600624
725.19669789,14.92935461
725.61664407,14.907531870000003
726.03656376,14.882218733000002
726.45645695,14.870994518000003
726.87632362,14.860953069999999
727.29616374,14.871817303
727.7159773,14.889137129000002
728.13576429,14.92886934
728.55552467,14.92907017
728.97525843,14.930469417000001
729.39496556,14.929542777999998
729.81464603,14.936168609000001
730.23429983,14.934202819000001
730.65392692,14.942043905
731.07352731,14.956313576000003
731.49310096,14.953900978000002
731.91264786,14.942832470000003
732.33216799,14.948394483000001
732.75166133,14.982956345
733.17112786,14.999583260999998
733.59056756,15.027657354999999
734.00998042,15.058616559
734.4293664,15.086239252999999
734.8487255,15.093432654999997
735.2680577,15.126326168999999
735.68736298,15.150038509999998
736.10664131,15.190529845999999
736.52589267,15.224222006
736.94511706,15.267464014000002
737.36431445,15.295627886
737.78348482,15.329065314000001
738.20262815,15.333786855
738.62174442,15.345680362999996
739.04083362,15.343213213999999
739.45989572,15.339530106999998
739.87893071,15.320900817
740.29793856,15.303122675999997
740.71691926,15.302120591
741.13587279,15.295005865999997
741.55479913,15.291635228
741.97369826,15.273656984000002
742.39257016,15.277085592
742.81141481,15.242262581999999
743.23023219,15.229276033999998
743.64902229,15.182595519
744.06778508,15.180113639999998
744.48652055,15.161657625999998
744.90522868,15.160108398999999
745.32390944,15.127630359
745.74256282,15.142926184999999
746.1611888,15.118823498999996
746.57978736,15.108173041
746.99835849,15.090521135999998
747.41690215,15.085609548000003
747.83541834,15.050399888000001
748.25390703,15.046461008999998
748.67236821,15.018398838
749.09080185,14.992256266999998
749.50920794,14.959875510000003
749.92758646,14.935860923000002
750.34593739,14.879786477000001
750.7642607,14.85704058
751.18255639,14.818919324999996
751.60082443,14.796762783999998
752.0190648,14.752095481000001
752.43727748,14.736547978
752.85546246,14.697094393000004
753.27361971,14.674064109
753.69174922,14.639566413000002
754.10985097,14.634713865999998
754.52792493,14.628299703
754.94597109,14.613668282
755.36398944,14.591366587
755.78197994,14.569082534999998
756.19994258,14.541313440000001
756.61787735,14.497545398
757.03578422,14.464913393999998
757.45366318,14.446784629000001
757.8715142,14.425966397
758.28933727,14.421282904
758.70713236,14.442310366000001
759.12489946,14.448504029
759.54263856,14.462685374999998
759.96034962,14.505448972
760.37803263,14.522865948999998
760.79568758,14.537746131000002
761.21331443,14.574132611
761.63091318,14.611388709000002
762.04848381,14.640342846000001
762.46602629,14.678092700000002
762.88354061,14.715336238999999
763.30102674,14.756972843
763.71848468,14.787871462000002
764.13591439,14.814662508999998
764.55331586,14.866012519999998
764.97068908,14.916359925
765.38803401,14.932276126
765.80535065,14.977540315999999
766.22263898,15.017667092
766.63989896,15.030687247
767.0571306,15.036663275999999
767.47433386,15.099817957000003
767.89150873,15.118143462
768.30865518,15.128032524
768.72577321,15.145075549000001
769.14286278,15.172028135
769.55992389,15.175614097000002
769.97695651,15.186106927999997
770.39396062,15.185302547000001
770.81093621,15.182433594000003
771.22788325,15.171053376
771.64480173,15.153888745
772.06169163,15.135133833000003
772.47855292,15.097847688000002
772.89538559,15.095395389
773.31218962,15.068865476999997
773.72896499,15.022404886999999
774.14571169,14.99741622
774.56242968,15.012462649000003
774.97911896,14.985074627
775.3957795,14.987581412
775.81241129,14.998955390999999
776.22901431,14.986599874000001
776.64558853,14.979957343
777.06213394,14.966709358999998
777.47865052,14.942284932000003
777.89513825,14.936008391000001
778.3115971,14.90077887
778.72802708,14.849319524
779.14442814,14.806365518000002
779.56080028,14.780072622
779.97714347,14.730125856
780.39345769,14.721917444000002
780.80974294,14.711522495
781.22599918,14.689108847999998
781.6422264,14.650223608000001
782.05842457,14.612911136999998
782.47459369,14.564005284
782.89073373,14.502752677
783.30684467,14.470414858000002
783.72292649,14.439849138
784.13897918,14.368148761999999
784.55500271,14.322488765999998
784.97099707,14.314486485
785.38696224,14.288427870000001
785.80289819,14.249511100000001
786.21880491,14.251710352
786.63468238,14.246741952999997
787.05053057,14.261056724
787.46634949,14.243831551
787.88213909,14.258193091
788.29789936,14.303758741
788.71363029,14.310461719
789.12933186,14.313803580999998
789.54500404,14.365481572000002
789.96064681,14.403787239000001
790.37626017,14.46294264
790.79184408,14.554506378999998
791.20739853,14.588428396000001
791.62292351,14.640399126999998
792.03841898,14.680488301
792.45388494,14.667363337000001
792.86932136,14.694746771999998
793.28472822,14.712088451
793.70010551,14.711920457000002
794.11545321,14.733437216999999
794.53077129,14.761325379999999
794.94605974,14.782170093
795.36131853,14.782466594999999
795.77654766,14.799613935
796.1917471,14.830842039999999
796.60691683,14.870702435999998
797.02205683,14.881335654000003
797.43716709,14.95009885
797.85224758,14.987193442999999
798.26729829,14.976144037000001
798.68231919,14.968915905
799.09731027,14.971130836
799.5122715,14.94136018
799.92720288,14.940576265999999
800.34210438,14.941455511000001
800.75697597,14.943893112000001
801.17181765,14.940332711
801.58662939,14.942079006
802.00141118,14.889964637999999
802.41616299,14.868055376000001
802.8308848,14.861051215
803.2455766,14.856124752000003
803.66023837,14.850871719999997
804.07487008,14.903141702
804.48947173,14.971849549000002
804.90404329,15.016523926
805.31858473,15.026613702000002
805.73309605,15.079927858
806.14757722,15.078255811
806.56202823,15.062897240000002
806.97644905,15.050293121
807.39083966,15.080204915000001
807.80520005,15.080752509000002
808.2195302,15.097111135
808.63383009,15.126821950000002
809.0480997,15.138967414000001
809.46233901,15.109336068000001
809.87654799,15.088935568
810.29072665,15.088594778000001
810.70487494,15.041316329999997
811.11899286,15.014960288000003
811.53308038,15.015333375999997
811.94713749,14.987159449999998
812.36116416,14.979650711000001
812.77516039,14.940476190999998
813.18912614,14.904473417000002
813.6030614,14.825823603999998
814.01696615,14.836145757000002
814.43084037,14.741734756000003
814.84468405,14.701894697999998
815.25849716,14.642235026000003
815.67227968,14.595869639000004
816.0860316,14.533359231
816.49975289,14.517600212
816.91344354,14.495853552999998
817.32710353,14.512786728999998
817.74073284,14.539780334
818.15433144,14.537758831
818.56789933,14.558123343000002
818.98143648,14.557694299
819.39494287,14.495534548999998
819.80841849,14.527946696999999
820.2218633,14.489614941000003
820.63527731,14.484527731999998
821.04866048,14.495961807999999
821.4620128,14.52944159
821.87533424,14.498039827000003
822.2886248,14.546830013
822.70188444,14.538819982000001
823.11511316,14.576877512
823.52831093,14.62372419
823.94147773,14.644440736000002
824.35461354,14.629446282
824.76771835,14.684063077
825.18079213,14.699174736999998
825.59383487,14.714042680999999
826.00684655,14.697167313999998
826.41982715,14.723429348999996
826.83277664,14.727725341
827.24569502,14.709215197
827.65858225,14.685105986
828.07143833,14.729689528999998
828.48426323,14.742907315000002
828.89705694,14.814938637999997
829.30981943,14.848087522999998
829.72255068,14.911994971000002
830.13525068,14.956554427
830.54791941,14.993716757000001
830.96055685,14.958989137999998
831.37316298,14.961305165999999
831.78573777,15.019698412
832.19828122,15.04710735
832.6107933,15.135799434
833.023274,15.191497925000002
833.43572328,15.281916722
833.84814115,15.283573132
834.26052757,15.260556981999997
834.67288252,15.218648123000003
835.08520599,15.143962321999998
835.49749796,15.141039236999998
835.90975842,15.127338919
836.32198733,15.173376504999998
836.73418468,15.171257325
837.14635046,15.258774638
837.55848463,15.25688719
837.9705872,15.298095687999998
838.38265813,15.335022379999998
838.7946974,15.381528154
839.206705,15.433632863
839.61868091,15.510474583999999
840.03062511,15.513932908000001
840.44253757,15.533691216000003
840.85441829,15.537740976999999
841.26626724,15.464685325000001
841.6780844,15.428566351
842.08986976,15.378712165
842.50162329,15.317857849000001
842.91334498,15.316991462999999
843.3250348,15.309713708999999
843.73669274,15.229257841
844.14831877,15.258957596000002
844.55991289,15.245403264999998
844.97147506,15.240691954999999
845.38300528,15.227852782000003
845.79450352,15.197482035000002
846.20596976,15.125123446999998
846.61740399,15.067191758999996
847.02880618,14.98632754
847.44017631,14.865676685
847.85151437,14.857806482
848.26282034,14.830182937
848.6740942,14.834243034000002
849.08533592,14.795354412
849.4965455,14.791959407000002
849.90772291,14.746262785999999
850.31886813,14.752651929
850.72998114,14.753575511999998
851.14106193,14.723588709000001
851.55211047,14.818244588000002
851.96312674,14.833384473
852.37411074,14.812144682
852.78506243,14.786887963999998
853.1959818,14.855881861
853.60686882,14.816846726
854.01772349,14.856071422
854.42854578,14.895575680000002
854.83933568,14.91183441
855.25009315,14.818633486
855.66081819,14.875445633000002
856.07151078,14.836344768
856.48217089,14.903656918
856.8927985,14.971737017
857.30339361,15.132843150000003
857.71395618,15.156353959
858.1244862,15.204870783999999
858.53498366,15.111073346999998
858.94544852,15.106850259999998
859.35588078,15.064454881
859.76628041,15.064710956999999
860.1766474,15.120391855000003
860.58698172,15.186066579000002
860.99728335,15.18259765
861.40755229,15.157629254000003
861.8177885,15.210873638000004
862.22799197,15.289131092000002
862.63816268,15.380027314
863.04830061,15.378683015000002
863.45840574,15.456865162000003
863.86847805,15.421256068
864.27851753,15.359969401999999
864.68852415,15.391793277
865.0984979,15.471915217000003
865.50843876,15.466552262000002
865.9183467,15.476655205000004
866.32822171,15.470283834
866.73806377,15.446623783000001
867.14787286,15.438416703000001
867.55764895,15.569812539999997
867.96739205,15.672669145999999
868.37710211,15.755006434
868.78677913,15.810765963
869.19642308,15.820705803000001
869.60603395,15.854696525000003
870.01561171,15.907914453
870.42515635,15.918234689999997
870.83466785,15.996201000999998
871.24414619,16.080342534
871.65359135,16.041499281999997
872.06300331,16.047189354
872.47238206,16.048041886
872.88172756,16.027299871999997
873.29103981,16.044136553
873.70031878,16.155232055
874.10956446,16.178498839
874.51877683,16.294006402
874.92795586,16.285035629
875.33710155,16.310961065999997
875.74621386,16.192101594
876.15529278,16.119639241999998
876.5643383,16.045824095000004
876.97335038,16.012662915
877.38232902,16.053588657
877.79127419,16.058424116999998
878.20018588,16.12821374
878.60906407,16.273250167999997
879.01790873,16.242229045
879.42671984,16.115913705
879.8354974,16.180620885
880.24424138,16.15964707
880.65295176,15.990886653
881.06162852,16.064555467
881.47027164,16.112090101
881.8788811,16.015676028999998
882.28745689,15.919773880000003
882.69599898,15.947297036
883.10450736,15.837869363
883.51298201,15.890517778999998
883.92142291,16.060844273999997
884.32983003,16.090744245000003
884.73820337,16.103937385
885.14654289,16.176482314999998
885.55484859,16.055420048000002
885.96312043,15.910509887
886.37135842,15.976428944999995
886.77956251,16.071255256
887.18773271,16.11165484
887.59586898,16.202962781
888.0039713,16.215289255000002
888.41203966,16.330084147
888.82007405,16.240267895
889.22807443,16.099827593
889.63604079,16.098067469000004
890.04397312,16.002300712
890.45187139,15.832514
890.85973558,15.874356775
891.26756568,15.887156003000001
891.67536166,15.811736153000002
892.08312351,16.00331458
892.49085121,15.983725533999998
892.89854473,15.879978709999998
893.30620407,15.926621083
893.71382919,15.875665432000002
894.12142009,15.793885827000002
894.52897673,15.810425669
894.93649911,15.758943108
895.34398721,15.766254599000002
895.751441,15.822016065999998
896.15886046,15.815830416
896.56624558,15.954823437000002
896.97359634,16.030457871000003
897.38091272,16.129342165999997
897.7881947,16.169592141
898.19544225,16.213908724
898.60265537,16.078482873000002
899.00983403,16.231343283999998
899.41697822,16.131394781999997
899.82408791,16.122123112999997
900.23116308,16.173066221
900.63820372,16.184292248000002
901.04520981,16.186930874
901.45218132,16.166241595
901.85911824,16.311784832
902.26602056,16.102366935
902.67288824,16.220218146
903.07972127,16.329997527
903.48651964,16.527306968
903.89328332,16.472429875
904.3000123,16.718252163
904.70670655,16.830089081000004
905.11336605,16.642847512
905.51999079,16.645439604
905.92658076,16.753363852
906.33313592,16.826734062000003
906.73965626,16.829111666
907.14614176,17.067280047
907.5525924,17.345132743
907.95900816,17.417184264999996
908.36538903,17.519885937
908.77173498,17.500949776000002
909.178046,17.655841157999998
909.58432207,17.597301909000002
909.99056316,17.630897246000004
910.39676926,17.676022835
910.80294035,17.795105568
911.20907641,17.443749493
911.61517742,17.65529094
912.02124336,17.603839153000003
912.42727422,17.681062567999998
912.83326996,17.720010145
913.23923059,18.183283835999994
913.64515607,18.013034901999998
914.05104638,18.257680357999998
914.45690152,18.303694752000002
914.86272145,18.451988192
915.26850616,18.449728023
915.67425563,18.488928254999998
916.07996984,18.377749956
916.48564877,18.392582541000003
916.89129241,18.386216929
917.29690073,18.367458367
917.70247372,18.276996162
918.10801135,18.420521291
918.51351361,18.43099139
918.91898047,18.428664738
919.32441193,18.362781954999996
919.72980795,18.259965992
920.13516853,18.344866812
920.54049363,18.268605317000002
920.94578325,18.365987841
921.35103736,18.533242612000002
921.75625595,18.867225581
922.16143899,18.744597251000002
922.56658647,18.716761867000002
922.97169836,18.699050258000003
923.37677465,18.462694041
923.78181532,18.348010932
924.18682035,18.347310290000003
924.59178972,18.221173572999998
924.99672341,17.990961378999998
925.40162141,17.997129971
925.80648369,18.453044373999997
926.21131023,18.505319696999997
926.61610102,19.382741751
927.02085603,19.622086919999997
927.42557525,19.875303815
927.83025866,19.556263271
928.23490624,19.650214593
928.63951796,19.092772383999996
929.04409382,18.948225334
929.44863379,18.952193844
929.85313785,18.851485149000002
930.25760599,19.098026241999996
930.66203818,18.996756516999998
931.06643441,18.843115123
931.47079465,19.082026812
931.87511889,19.284893079
932.27940711,19.326755659
932.68365929,19.250967061999997
933.0878754,19.556370516999998
933.49205544,19.595410628
933.89619938,19.75331146
934.30030721,19.48853183
934.70437889,19.578999503
935.10841442,19.832541862999996
935.51241378,19.446749653999998
935.91637694,19.214486102000002
936.3203039,19.350464874
936.72419462,19.622199062
937.12804908,19.29462761
937.53186728,19.19640497
937.93564919,18.985237397
938.3393948,18.538627768
938.74310407,18.430145557000003
939.146777,18.829831066
939.55041357,19.393433502
939.95401375,19.741826857
940.35757752,19.998587171
940.76110488,20.197424893999997
941.16459579,20.249707944
941.56805025,19.497539882
941.97146822,19.307352716999997
942.37484969,19.804378202000002
942.77819465,19.883059418
943.18150307,20.046571382
943.58477494,20.909239308000004
943.98801022,21.443586797
944.39120892,21.384898096
944.794371,21.56683587
945.19749645,21.401295600000005
945.60058525,21.614628257
946.00363738,21.280056579
946.40665282,21.587301589
946.80963155,21.402747649
947.21257356,21.747066492
947.61547881,21.838971836000002
948.0183473,22.298410264999998
948.42117901,22.757145637
948.82397391,23.000598922000002
949.22673199,22.871187799
949.62945323,22.895218716999995
950.03213761,23.070211881999995
950.43478511,22.695429305
950.8373957,22.892741064000006
951.23996938,23.449180327999994
951.64250613,24.097744359
952.04500591,24.434801959999998
952.44746872,24.486948694000002
952.84989454,25.020454547000003
953.25228334,24.527328171
953.65463511,23.537611152999997
954.05694983,24.126201627000004
954.45922747,24.372358936000005
954.86146803,24.518891689000004
955.26367148,24.959141981
955.6658378,25.536358948000004
956.06796697,24.480249480999998
956.47005898,24.168900804000003
956.8721138,23.609125894999995
957.27413142,23.615427304
957.67611181,23.308123250999998
958.07805496,23.975767825
958.47996085,24.53550379
958.88182946,25.256011313
959.28366077,24.969870875
959.68545476,25.167146972999994
960.08721142,25.359050445
960.48893071,25.491206794000004
960.89061263,25.364885497
961.29225716,26.465863454999997
961.69386427,27.3650994
962.09543395,26.974736169999993
962.49696617,26.432520325000002
962.89846092,26.365120836
963.29991819,26.657877387000003
963.70133794,25.662570576
964.10272017,25.836393991
964.50406485,26.971830984
964.90537196,27.024906174999995
965.30664148,26.634482757999997
965.7078734,28.042031521999995
966.1090677,27.864454645000002
966.51022435,27.533380182000002
966.91134334,27.218234025000005
967.31242465,27.166135315
967.71346826,26.472701148
968.11447415,27.022206044999997
968.5154423,27.644427878
968.9163727,29.033443585999997
969.31726532,29.253271746999996
969.71812014,30.279937789999998
970.11893715,30.113502934000003
970.51971632,30.276442311
970.92045764,30.298324478999994
971.32116109,30.922825646
971.72182665,29.905853458999996
972.1224543,30.482990340999997
972.52304402,30.154102455999997
972.92359579,29.716821641000003
973.32410959,29.940450873000003
973.72458541,30.601211073
974.12502322,32.183068328
974.52542301,32.111398965
974.92578475,32.70995671
975.32610843,32.724458206
975.72639403,33.303571426999994
976.12664153,33.289592758
976.52685091,33.259668507
976.92702215,33.352192359
977.32715523,32.74056604
977.72725014,33.231649192
978.12730685,31.811559008
978.52732534,32.564982834
978.9273056,32.220536168
979.3272476,32.569659441999995
979.72715134,32.234986945
980.12701678,33.301737757
980.52684391,34.138486308999994
980.92663271,33.837459636999995
981.32638316,34.926430516
981.72609525,35.385054194999995
982.12576895,36.36571428800001
982.52540424,35.51881414
982.92500111,36.653318079
983.32455953,37.022247573
983.72407949,37.230769231
984.12356097,35.310834813
984.52300394,35.702933984000005
984.9224084,35.50062578
985.32177431,34.714104194
985.72110167,34.419208307
986.12039045,36.841406766999995
986.51964064,37.04514364199999
986.9188522,38.477801265000004
987.31802514,38.498168494000005
987.71715942,39.769618431000005
988.11625502,39.200848655
988.51531193,39.606700656
988.91433014,40.404114621999994
989.31330961,42.594594594
989.71225033,43.65307753399999
990.11115229,44.956822112
990.51001546,45.683391004
990.90883982,42.972735273000005
991.30762535,43.84750219399999
991.70637204,44.518518519
992.10507987,44.104204752
992.50374881,45.779220781
992.90237886,48.88151658700001
993.30096998,49.305019304
993.69952216,49.671814674000004
994.09803538,49.970089732999995
994.49650962,49.137055839999995
994.89494487,49.00910010399999
995.2933411,51.536082471
995.6916983,48.85561497299999
996.09001644,52.39560439500001
996.4882955,54.029345374
996.88653548,56.258823534
997.28473634,54.258600231
997.68289807,56.560283682
998.08102066,54.663518300999996
998.47910407,55.94327989999999
998.87714829,56.868421048
999.27515331,58.69209809
999.6731191,62.70042194099999
1000.07104565,68.939393948
1000.46893293,69.742033381
1000.86678093,68.64864864500001
1001.26458963,70.50080775800001
1001.66235901,71.25418060500002
1002.06008904,68.22580644799999
1002.45777972,67.387944365
1002.85543101,69.62908011600001
1003.25304291,65.770992368
1003.65061539,65.972222229
1004.04814844,71.192052983
1004.44564203,74.47971782200003
1004.84309615,72.96099291700001
1005.24051077,76.484641642
1005.63788588,71.942078363
1006.03522146,69.484193014
1006.43251749,69.965457685
1006.82977395,72.449725781
1007.22699082,76.53017241300002
1007.62416809,83.24263039700001
1008.02130573,83.030927834
1008.41840372,84.574468095
1008.81546205,86.53104926099999
1009.21248069,88.086785011
1009.60945963,88.951310863
1010.00639885,88.364779876
1010.40329832,88.524590156
1010.80015804,89.554655879
1011.19697798,83.87234042399999
1011.59375812,82.483660132
1011.99049844,85.17391303600002
1012.38719893,83.49450548800002
1012.78385955,90.592105253
1013.18048031,91.585623679
1013.57706117,96.24713957800002
1013.97360212,99.35560858
1014.37010314,111.45888594199998
1014.7665642,107.95518205800002
1015.1629853,115.526315789
1015.55936641,119.77987422999999
1015.95570751,113.46041057400001
1016.35200858,104.70437016700001
1016.7482696,107.692307693
1017.14449056,104.90430620699999
1017.54067144,98.43551798000001
1017.93681221,98.22072071
1018.33291286,99.039812635
1018.72897337,97.95454544000002
1019.12499372,102.30769231000002
1019.52097388,106.84210526099999
1019.91691385,112.577319588
1020.3128136,114.669811299
