wavelength,mean_reflectance_le_5
350.60193709,225.48922056600003
351.03772818,233.67153910800002
351.47350942,233.023255809
351.90928082,230.179028138
352.34504234,232.016949143
352.78079397,235.138662321
353.21653569,229.20096852400002
353.65226748,232.81499203000004
354.08798932,230.349877955
354.5237012,231.03505842100003
354.95940309,235.57347670300004
355.39509497,252.77516464599998
355.83077683,246.84060723000002
356.26644864,242.98988039399995
356.70211039,248.16135083799995
357.13776206,238.40566872800005
357.57340363,229.37819420099999
358.00903508,234.65217392900004
358.44465639,232.115869018
358.88026755,230.477346279
359.31586852,232.26581266500006
359.7514593,230.848827805
360.18703986,222.34976888300002
360.62261019,213.878787875
361.05817026,215.61417321999997
361.49372007,215.94003242799994
361.92925958,225.45012165099996
362.36478878,235.18204909600004
362.80030765,249.446397182
363.23581617,238.41098170599997
363.67131432,246.82444063599996
364.10680209,238.548109966
364.54227945,229.78896104400002
364.97774638,232.68252667600004
365.41320287,237.40016993900002
365.8486489,237.795608119
366.28408445,240.00855432599997
366.71950949,251.71113154300002
367.15492401,244.43845462200002
367.590328,238.44212359000002
368.02572142,238.68824530499995
368.46110427,242.17353952399998
368.89647652,241.55231561500005
369.33183815,255.20107238
369.76718915,271.978239363
370.2025295,261.473788329
370.63785917,246.28334868300004
371.07317815,249.69641213200003
371.50848642,237.23953694699998
371.94378395,225.38775509600003
372.37907074,234.416118417
372.81434676,239.43650125200003
373.24961199,233.15208155800002
373.68486642,233.102006695
374.12011002,235.033500834
374.55534277,229.300168648
374.99056467,226.61303980600002
375.42577567,223.509060962
375.86097578,222.16788915899997
376.29616497,235.36082474300002
376.73134321,245.409691647
377.1665105,241.398783649
377.6016668,245.10917031099999
378.03681211,242.80349346099996
378.47194641,226.01769910900003
378.90706966,215.181747875
379.34218187,220.757927307
379.777283,225.476374894
380.21237303,229.35612084099998
380.64745196,232.77408637099998
381.08251975,226.50668765700001
381.5175764,221.534847284
381.95262187,212.81081081800002
382.38765616,200.645390073
382.82267924,198.465791285
383.25769109,204.63272726400004
383.6926917,212.227171488
384.12768105,217.760853017
384.56265911,236.56040270100002
384.99762586,237.03952903299995
385.4325813,229.364303178
385.8675254,231.878589023
386.30245813,235.68351285599996
386.73737949,231.230516831
387.17228945,238.47328244700003
387.60718799,242.268835605
388.04207509,237.210828565
388.47695074,226.476642919
388.91181492,228.90923565499997
389.3466676,224.111714515
389.78150877,221.923076914
390.21633841,217.146171689
390.6511565,214.262295078
391.08596302,214.51660517
391.52075795,214.996379445
391.95554127,210.72443182899997
392.39031297,212.664259932
392.82507302,219.30722890300004
393.2598214,206.52707580199998
393.6945581,195.07299269000004
394.1292831,200.155096008
394.56399638,193.967809651
394.99869791,191.471618772
395.43338769,199.62481963
395.86806568,203.147751607
396.30273188,200.168539334
396.73738625,201.29842181100003
397.1720288,199.87377278499997
397.60665948,188.943805006
398.04127829,188.62823061199998
398.47588521,183.29113924999996
398.91048022,190.68151146699998
399.34506329,188.60726072300002
399.77963441,195.192043892
400.21419356,191.31720430000001
400.64874072,187.82890473
401.08327588,175.498912021
401.517799,173.67904265400003
401.95231008,162.15957147
402.3868091,158.15051374700002
402.82129603,153.62176870399998
403.25577086,144.662892431
403.69023356,134.27657480200003
404.12468412,125.63734291
404.55912252,115.36024218199998
404.99354874,106.043517679
405.42796276,96.832238426
405.86236457,83.49696561100001
406.29675414,74.740618752
406.73113145,64.566255473
407.16549648,54.925647450999996
407.59984922,46.64868701100001
408.03418965,41.301278148
408.46851774,35.658385092
408.90283349,31.732430747999995
409.33713686,28.877021667999998
409.77142784,26.258158086
410.20570642,24.498972837000004
410.63997256,22.527340825
411.07422626,20.765964897999996
411.50846749,19.311531177000003
411.94269624,18.387252367000002
412.37691248,17.107784247999998
412.81111621,16.416176960999998
413.24530738,15.894453257999999
413.679486,15.397997322999998
414.11365204,14.805677594999997
414.54780547,14.378557504
414.98194629,13.899844694
415.41607447,13.564356436999997
415.85018999,13.170608801
416.28429284,12.860747094999999
416.71838299,12.766773431
417.15246043,12.598503074000002
417.58652514,12.389765784999998
418.02057709,12.296811607999999
418.45461627,12.180934352
418.88864266,12.032383390000001
419.32265625,12.058906122
419.756657,12.109555044
420.19064491,12.050783806999998
420.62461995,12.064668138999998
421.0585821,12.035579078000001
421.49253135,12.002175780999998
421.92646768,11.881497528999999
422.36039106,11.885738944
422.79430148,11.817533616999999
423.22819892,11.764725140000001
423.66208336,11.691103579
424.09595478,11.614536531999999
424.52981316,11.541842799
424.96365849,11.475700843000002
425.39749074,11.391622154
425.83130989,11.346720292
426.26511593,11.351167502
426.69890883,11.293502908
427.13268858,11.330361545
427.56645516,11.309149344
428.00020855,11.216618809999998
428.43394873,11.210896742
428.86767568,11.250032816
429.30138939,11.230128714
429.73508982,11.293072664000002
430.16877697,11.377117044000002
430.60245081,11.355257126000001
431.03611133,11.367724915
431.46975851,11.344536802
431.90339232,11.296581863000002
432.33701276,11.297162877
432.77061979,11.325800507999999
433.2042134,11.282398666
433.63779357,11.243679165999998
434.07136029,11.238718146
434.50491352,11.169330883
434.93845327,11.114698197000001
435.37197949,11.076320833
435.80549219,11.069334906000002
436.23899132,11.060583259
436.67247689,11.094231415
437.10594887,11.099313724000002
437.53940723,11.181000609
437.97285197,11.266058491
438.40628306,11.300177271999999
438.83970048,11.320681346
439.27310421,11.349627947
439.70649424,11.291500095999998
440.13987054,11.257564795
440.5732331,11.183082426999999
441.00658189,11.108613349999999
441.4399169,11.074255047000001
441.87323811,11.039037136000001
442.30654551,10.994547675
442.73983906,11.00523256
443.17311875,11.010893266
443.60638457,10.981398515
444.03963649,11.027854005
444.47287449,11.021460857
444.90609856,11.013781187000001
445.33930868,10.979455264000002
445.77250482,10.967978140000001
446.20568697,10.920791990999998
446.63885511,10.895837388999999
447.07200922,10.873929161000001
447.50514928,10.885168094
447.93827527,10.886421655
448.37138718,10.907655062999998
448.80448497,10.932297257000002
449.23756865,10.962867542
449.67063818,10.966974102
450.10369354,10.988953357000002
450.53673472,10.992101197999999
450.9697617,10.996719833
451.40277446,10.986805971999999
451.83577298,10.986659671000002
452.26875725,10.941843688
452.70172723,10.873658586
453.13468291,10.818854742
453.56762428,10.764350214999999
454.00055132,10.734057372999999
454.433464,10.705067015000001
454.8663623,10.691526916
455.29924622,10.689923789
455.73211572,10.697441772999998
456.16497079,10.728730158000001
456.59781142,10.793320994
457.03063757,10.823814586000001
457.46344923,10.874106303
457.89624639,10.927823465
458.32902903,10.952432474
458.76179711,10.966099873000001
459.19455064,10.987804608
459.62728958,11.014737858999998
460.06001392,10.998541482
460.49272363,10.922105141999998
460.92541871,10.892053598999997
461.35809913,10.882901532
461.79076486,10.823260086
462.22341591,10.775945952
462.65605223,10.772378463
463.08867382,10.727085974
463.52128065,10.673740632000001
463.95387271,10.656384785
464.38644998,10.679696577
464.81901243,10.682697102
465.25156005,10.647927136
465.68409283,10.610320475
466.11661073,10.560251935
466.54911374,10.523221556
466.98160185,10.501100682
467.41407503,10.542717132
467.84653327,10.587398521999999
468.27897654,10.642099992999999
468.71140483,10.699749340999999
469.14381811,10.783044878
469.57621637,10.82132951
470.0085996,10.879860570999998
470.44096776,10.922258735000002
470.87332084,10.927656922
471.30565882,10.889561742999998
471.73798169,10.881741131999998
472.17028942,10.843286473
472.602582,10.786110501
473.0348594,10.701923661
473.4671216,10.63658924
473.8993686,10.551080035
474.33160036,10.464796703000001
474.76381687,10.417538154999999
475.19601811,10.377278796
475.62820407,10.369323907999998
476.06037471,10.362959133
476.49253003,10.390799984000001
476.92467,10.404667745000001
477.35679461,10.489694903
477.78890383,10.528662027
478.22099765,10.581851282
478.65307605,10.618999436
479.085139,10.659406445999998
479.5171865,10.68169047
479.94921851,10.705177585000001
480.38123503,10.743127934
480.81323602,10.770387944
481.24522149,10.784543933000002
481.67719139,10.756652936999998
482.10914572,10.741012014999999
482.54108446,10.724833914000001
482.97300758,10.702473458999998
483.40491507,10.675348459
483.83680691,10.639655304
484.26868308,10.611220361
484.70054356,10.555966330999999
485.13238833,10.541701874
485.56421738,10.514205442
485.99603067,10.495057112
486.4278282,10.461736959
486.85960995,10.456127309000001
487.29137589,10.409888642
487.72312601,10.378265023
488.15486029,10.371010945999998
488.5865787,10.417133288999999
489.01828124,10.417544045000001
489.44996788,10.428451939
489.8816386,10.461920419
490.31329338,10.503660206000001
490.7449322,10.526252250000002
491.17655505,10.576136202999999
491.6081619,10.650242976
492.03975274,10.694126561
492.47132755,10.711141794
492.90288631,10.691597591
493.33442899,10.680289318
493.76595559,10.648497209
494.19746607,10.588901077
494.62896043,10.557861775000001
495.06043864,10.535384767999998
495.49190069,10.489380214
495.92334655,10.407867677
496.3547762,10.367334642
496.78618963,10.328100813999999
497.21758682,10.298678202999998
497.64896774,10.268402062000002
498.08033239,10.254977229999998
498.51168074,10.259416331
498.94301276,10.266181741
499.37432845,10.290944792000001
499.80562778,10.336387045
500.23691074,10.401091211999999
500.6681773,10.466460927
501.09942745,10.510389021000002
501.53066116,10.532742806000002
501.96187842,10.526735125
502.39307921,10.523785160000001
502.82426351,10.494789846
503.2554313,10.471176747000001
503.68658256,10.46082513
504.11771727,10.477449245999999
504.54883542,10.484997029999999
504.97993698,10.517173322
505.41102193,10.526015867
505.84209026,10.530466628000003
506.27314195,10.528557068000001
506.70417698,10.538035591
507.13519532,10.530469130999998
507.56619696,10.532545553000002
507.99718189,10.529525897
508.42815007,10.507007868999999
508.8591015,10.47982091
509.29003615,10.425053080000001
509.72095401,10.369668469
510.15185505,10.320549783999999
510.58273926,10.283617222
511.01360661,10.236170153
511.44445709,10.210868978999999
511.87529069,10.184199299
512.30610737,10.167230933999999
512.73690712,10.148067987000001
513.16768992,10.166439768
513.59845576,10.183384509000001
514.02920461,10.236235083
514.45993645,10.27734744
514.89065127,10.322954474
515.32134905,10.363669860999998
515.75202976,10.423659635
516.18269339,10.489278162000002
516.61333992,10.553161586
517.04396933,10.612630408
517.4745816,10.655436370999999
517.90517671,10.678112142999998
518.33575465,10.662910794999998
518.76631539,10.629127006000001
519.19685891,10.589745425999999
519.6273852,10.542008008000002
520.05789424,10.477318042
520.488386,10.410179153
520.91886048,10.358926086
521.34931764,10.305858991
521.77975747,10.249448634999998
522.21017995,10.213227585999999
522.64058507,10.184764967
523.07097279,10.168459540999999
523.50134312,10.144262154
523.93169601,10.150093991
524.36203147,10.159674632
524.79234945,10.185970725
525.22264996,10.185647219
525.65293297,10.211324947999998
526.08319845,10.220021640999999
526.5134464,10.214196018
526.94367678,10.209815768999999
527.37388959,10.210233216999999
527.8040848,10.2086448
528.2342624,10.220117939999998
528.66442236,10.237998842999998
529.09456467,10.251806074
529.5246893,10.288357503
529.95479624,10.314075878999997
530.38488547,10.343182672999998
530.81495697,10.388194299999999
531.24501072,10.415832939000001
531.67504671,10.428386518
532.1050649,10.460083914
532.53506529,10.488245281
532.96504785,10.498529476
533.39501257,10.514936799000001
533.82495942,10.528070437
534.25488839,10.596656413
534.68479946,10.592230986999999
535.11469261,10.591230249999999
535.54456782,10.564416346
535.97442507,10.523481695
536.40426434,10.42040731
536.83408561,10.374445588
537.26388887,10.321829208
537.69367409,10.286955584000001
538.12344125,10.278674094
538.55319035,10.261158372
538.98292135,10.228815845
539.41263423,10.192577427
539.84232899,10.171282065
540.2720056,10.151879955
540.70166404,10.144391166
541.13130429,10.156222836
541.56092633,10.20279968
541.99053015,10.253951780000001
542.42011572,10.292312415999998
542.84968303,10.325301656000002
543.27923205,10.342611465000001
543.70876277,10.365531251
544.13827517,10.375776607999999
544.56776923,10.402029059999998
544.99724493,10.446916072
545.42670225,10.502442664
545.85614117,10.517574653999999
546.28556168,10.523080341
546.71496375,10.508976199999998
547.14434736,10.465719973999999
547.5737125,10.426936083000001
548.00305915,10.393648682
548.43238728,10.368416604
548.86169688,10.362885555999998
549.29098794,10.371262383
549.72026042,10.359705117999999
550.14951431,10.356373472000001
550.5787496,10.346331405
551.00796626,10.344776441
551.43716427,10.314831855
551.86634362,10.310634872999998
552.29550429,10.314994860999999
552.72464625,10.327246367
553.15376949,10.301908914000002
553.58287399,10.312676424
554.01195973,10.312025191
554.44102669,10.285778064000002
554.87007485,10.281111505999998
555.29910419,10.276710158
555.7281147,10.247763711
556.15710635,10.230391771
556.58607912,10.213544135000003
557.015033,10.167983009
557.44396797,10.144244302
557.87288401,10.123384677
558.3017811,10.105082133
558.73065921,10.116533629000001
559.15951834,10.131396096
559.58835846,10.147892241
560.01717955,10.191610931
560.4459816,10.223274822
560.87476458,10.243831285999999
561.30352847,10.289114326
561.73227326,10.33040096
562.16099893,10.36705518
562.58970546,10.418151971
563.01839282,10.477568506
563.44706101,10.506338938999999
563.87571,10.539886695
564.30433977,10.556539703
564.7329503,10.541153399
565.16154157,10.505349783
565.59011358,10.478578172999999
566.01866628,10.429518638999998
566.44719967,10.347236915000002
566.87571373,10.295238977
567.30420844,10.276522418999999
567.73268378,10.228630038000002
568.16113973,10.202888151
568.58957627,10.218940609
569.01799338,10.219451998
569.44639105,10.200655752
569.87476924,10.200995382999999
570.30312796,10.194816520999998
570.73146717,10.196287478
571.15978685,10.205439156999999
571.588087,10.232892496999998
572.01636758,10.269827764999999
572.44462858,10.302272482000001
572.87286998,10.335934897
573.30109177,10.361605092000001
573.72929391,10.369448092
574.1574764,10.384091123
574.58563922,10.406952858
575.01378234,10.434894351999999
575.44190574,10.454166387000003
575.87000941,10.475885944000002
576.29809333,10.478188863000002
576.72615748,10.483248741
577.15420184,10.474238694
577.58222639,10.479858810999998
578.01023111,10.472662391
578.43821598,10.470439445999999
578.86618099,10.460136718
579.29412611,10.439981139
579.72205133,10.406839678
580.14995662,10.372149548
580.57784197,10.358921082999998
581.00570736,10.369668643
581.43355276,10.393266455
581.86137817,10.439570872
582.28918356,10.485565876999999
582.7169689,10.509760242000002
583.1447342,10.509192727000002
583.57247941,10.474959757000002
584.00020453,10.448858435000002
584.42790954,10.423661120000002
584.85559441,10.417804655000001
585.28325913,10.399228375
585.71090368,10.422423026
586.13852803,10.400538291
586.56613218,10.389990354999998
586.9937161,10.355190804
587.42127977,10.340907554
587.84882317,10.310383858
588.27634629,10.295944377
588.7038491,10.269713563000002
589.13133159,10.255459428
589.55879373,10.212895881
589.98623551,10.163526463
590.41365691,10.110156666
590.84105791,10.074378793
591.26843849,10.06472105
591.69579863,10.096856165
592.12313831,10.132645585
592.55045752,10.192459672999998
592.97775623,10.254391538000002
593.40503442,10.303985157
593.83229208,10.31559686
594.25952919,10.341398253
594.68674573,10.363080927999999
595.11394167,10.399664738
595.541117,10.436256219
595.96827171,10.492810657000001
596.39540576,10.558073427999998
596.82251915,10.622544242
597.24961185,10.676025036000002
597.67668385,10.704829530000001
598.10373512,10.747551244
598.53076564,10.746244363
598.95777541,10.749333486
599.38476439,10.720225004
599.81173257,10.673462612000002
600.23867993,10.597855358
600.66560645,10.556654252
601.09251211,10.514076913
601.5193969,10.476717939999999
601.94626078,10.455421544
602.37310376,10.422555029
602.7999258,10.380193048
603.22672688,10.338809897
603.65350699,10.294392343000002
604.08026611,10.256599569999999
604.50700422,10.239490111
604.9337213,10.221481804
605.36041733,10.191316539999999
605.78709229,10.178724535
606.21374616,10.177448981
606.64037893,10.161430455
607.06699057,10.178914602
607.49358107,10.205702003999999
607.9201504,10.243197764
608.34669856,10.263923827000001
608.77322551,10.308020588
609.19973124,10.320674979
609.62621572,10.327851473
610.05267896,10.328251752
610.47912091,10.339647338999999
610.90554156,10.352528758000002
611.3319409,10.357138050999998
611.75831891,10.382254829
612.18467556,10.374859601
612.61101083,10.365491702000002
613.03732472,10.346390094
613.46361719,10.354182424
613.88988823,10.320077904000001
614.31613782,10.326821355000002
614.74236595,10.356520704000001
615.16857258,10.408253491
615.59475771,10.436387523999999
616.02092131,10.481837384
616.44706337,10.53678003
616.87318386,10.566948913999997
617.29928278,10.580964
617.72536008,10.60435649
618.15141577,10.624936834
618.57744982,10.611424374000002
619.0034622,10.613499783
619.42945291,10.607742059000001
619.85542192,10.601555291
620.28136922,10.612280677
620.70729478,10.636647058999998
621.13319858,10.650844629000002
621.55908061,10.654330699
621.98494085,10.653117218999999
622.41077927,10.630643155
622.83659587,10.607434491
623.26239061,10.581241080999998
623.68816348,10.555630478
624.11391447,10.532209493999998
624.53964355,10.513701947
624.9653507,10.487771996000001
625.39103591,10.472111084000002
625.81669915,10.460916807
626.24234041,10.459217325000001
626.66795966,10.463023334999999
627.09355689,10.477615515999998
627.51913209,10.504477574000001
627.94468522,10.498557387
628.37021627,10.467706563999998
628.79572523,10.42837159
629.22121207,10.370467340000001
629.64667677,10.289509288000001
630.07211931,10.245748753
630.49753969,10.200758361999998
630.92293786,10.182195471
631.34831383,10.171526666
631.77366756,10.180173419
632.19899905,10.208767874
632.62430826,10.26592672
633.04959519,10.300592787000001
633.4748598,10.349342647
633.90010209,10.385102788000001
634.32532203,10.419650671
634.75051961,10.446567386
635.17569481,10.508476996999999
635.6008476,10.559753953
636.02597797,10.619939457
636.45108589,10.665147601
636.87617136,10.706110573
637.30123435,10.715187104
637.72627483,10.716211523
638.15129281,10.705065371999998
638.57628824,10.706784910999998
639.00126112,10.698919399000001
639.42621142,10.671647650999999
639.85113913,10.647484207000002
640.27604422,10.627252253
640.70092669,10.594135615999999
641.1257865,10.54776736
641.55062364,10.514491727000003
641.97543809,10.501238254
642.40022983,10.489946374999999
642.82499885,10.477764286
643.24974512,10.489641877
643.67446862,10.516234293
644.09916934,10.517408356
644.52384726,10.505635379000001
644.94850235,10.515891715999999
645.3731346,10.513926275
645.79774399,10.504560159999999
646.2223305,10.508219527
646.64689411,10.508188875
647.0714348,10.500601020000001
647.49595255,10.506128021999999
647.92044735,10.506834047999998
648.34491917,10.530641426999999
648.769368,10.578424988
649.19379381,10.603694143000002
649.61819659,10.626468455000001
650.04257632,10.644363455
650.46693298,10.623200012000002
650.89126655,10.595790721
651.31557701,10.584101786
651.73986434,10.567708569
652.16412852,10.562226543
652.58836954,10.576635337
653.01258737,10.579550029
653.436782,10.574712256000002
653.8609534,10.568094334
654.28510156,10.586871810000002
654.70922646,10.588915359
655.13332808,10.586380312
655.5574064,10.563903755000002
655.9814614,10.538685229000002
656.40549307,10.478340254
656.82950137,10.429403833
657.2534863,10.412556878999998
657.67744784,10.410643391
658.10138596,10.427514372
658.52530064,10.459680780000001
658.94919188,10.489607047000002
659.37305964,10.478161194999998
659.79690391,10.487227319
660.22072468,10.498117308
660.64452191,10.493985788
661.0682956,10.524568882
661.49204572,10.587472027
661.91577225,10.629972975
662.33947518,10.659533807999999
662.76315449,10.664707518
663.18681015,10.642908196
663.61044215,10.608727779
664.03405047,10.602988412
664.45763509,10.599744484999999
664.88119598,10.660109962
665.30473314,10.702698687999998
665.72824655,10.748350248000001
666.15173617,10.773052676999999
666.575202,10.775524519
666.99864402,10.738303752999999
667.4220622,10.720498781
667.84545653,10.704660937
668.26882699,10.70352193
668.69217355,10.690324666
669.11549621,10.686326350000002
669.53879494,10.669493008
669.96206971,10.623496141
670.38532052,10.548997435
670.80854735,10.491775300999999
671.23175017,10.408029598
671.65492896,10.316011655
672.07808371,10.248054093000002
672.5012144,10.191130402
672.92432101,10.17408509
673.34740351,10.170426523
673.7704619,10.190502665
674.19349615,10.191371438000001
674.61650623,10.192423408999998
675.03949215,10.169841309
675.46245386,10.188851736
675.88539136,10.192666217
676.30830463,10.211606438
676.73119364,10.269131196
677.15405838,10.336075255999999
677.57689882,10.408986917
677.99971496,10.491663541000001
678.42250677,10.587800485999999
678.84527423,10.631963770999999
679.26801732,10.671855105
679.69073602,10.670929566000002
680.11343032,10.688482381
680.53610019,10.700660712
680.95874562,10.724317408
681.38136658,10.747330671
681.80396307,10.785809241
682.22653505,10.792615631
682.64908251,10.800903031
683.07160543,10.837443925
683.49410379,10.842710366999999
683.91657758,10.806535863
684.33902677,10.807787438999998
684.76145134,10.796637194999999
685.18385128,10.765304748
685.60622656,10.776326366
686.02857717,10.813696453
686.45090309,10.824623314
686.8732043,10.79627743
687.29548077,10.762645008
687.7177325,10.707857446000002
688.13995946,10.646608744000002
688.56216163,10.589977244
688.98433899,10.576691635
689.40649153,10.585561014000001
689.82861923,10.597668733999999
690.25072206,10.630728113
690.67280001,10.660266282999999
691.09485305,10.6812159
691.51688118,10.684264691000001
691.93888436,10.674854096999999
692.36086259,10.677503937000001
692.78281583,10.6642549
693.20474408,10.691665935
693.62664732,10.710500249999999
694.04852552,10.727054758
694.47037866,10.729033084000003
694.89220673,10.740546707
695.31400971,10.744432058000001
695.73578757,10.761218754000001
696.15754031,10.776048754
696.57926789,10.757171791000001
697.00097031,10.743591698
697.42264753,10.688190066999999
697.84429955,10.647864151
698.26592635,10.675779623
698.6875279,10.67223491
699.10910418,10.683906232000002
699.53065518,10.709558644000001
699.95218088,10.709264982
700.37368126,10.634686573
700.7951563,10.635229857
701.21660597,10.600621356000001
701.63803027,10.555279057
702.05942917,10.52614668
702.48080265,10.511234783
702.9021507,10.51723675
703.32347329,10.525885517999999
703.74477041,10.554231521999998
704.16604204,10.556290863000001
704.58728815,10.574584776
705.00850873,10.557039288999999
705.42970376,10.549586397999999
705.85087322,10.570799318999999
706.2720171,10.639140125
706.69313536,10.677987726000001
707.114228,10.754697177999999
707.53529499,10.828605270999999
707.95633632,10.891066679
708.37735196,10.955936664
708.7983419,11.039485095
709.21930612,11.077791647000002
709.6402446,11.119989872
710.06115731,11.154302211
710.48204425,11.160870861000001
710.90290539,11.206316894999999
711.32374071,11.26268708
711.7445502,11.315614881
712.16533383,11.338707061
712.58609158,11.354241870000001
713.00682344,11.33595038
713.42752939,11.316016501000002
713.84820941,11.309074385999999
714.26886347,11.340628059999998
714.68949157,11.38641331
715.11009368,11.393725213
715.53066977,11.413426643000003
715.95121984,11.394320373
716.37174387,11.3656577
716.79224183,11.295316821
717.2127137,11.280174528999998
717.63315947,11.244673149
718.05357912,11.202757218
718.47397263,11.142194615000001
718.89433997,11.116614273000001
719.31468114,11.034818363
719.7349961,10.954936493
720.15528485,10.882259018
720.57554736,10.816472766
720.99578362,10.766194363
721.4159936,10.713097924
721.83617729,10.675610924
722.25633466,10.690278580999998
722.6764657,10.714819985999998
723.09657039,10.700642337
723.51664871,10.717804716999998
723.93670063,10.724650483999998
724.35672615,10.677256286
724.77672524,10.615886834
725.19669789,10.532706041
725.61664407,10.47267886
726.03656376,10.424946114
726.45645695,10.415261097
726.87632362,10.414582294999999
727.29616374,10.478291044
727.7159773,10.535437797
728.13576429,10.571982722
728.55552467,10.647734277000001
728.97525843,10.725847077000001
729.39496556,10.816699305
729.81464603,10.901991386000002
730.23429983,10.981269879
730.65392692,11.010740584999999
731.07352731,11.028280511000002
731.49310096,11.02387172
731.91264786,11.002831924999999
732.33216799,10.998011834
732.75166133,11.039311578
733.17112786,11.095903106
733.59056756,11.136990849
734.00998042,11.194875911999999
734.4293664,11.261157530999998
734.8487255,11.303630658
735.2680577,11.298997265
735.68736298,11.313441158999998
736.10664131,11.326915839
736.52589267,11.306173721
736.94511706,11.285892265000001
737.36431445,11.30997389
737.78348482,11.287117610999998
738.20262815,11.299262191
738.62174442,11.298901653000003
739.04083362,11.300629977
739.45989572,11.253167695
739.87893071,11.250619355000001
740.29793856,11.214593389000001
740.71691926,11.253506675
741.13587279,11.265732345
741.55479913,11.320368354
741.97369826,11.408760774
742.39257016,11.454150128000002
742.81141481,11.471069933999999
743.23023219,11.478611307
743.64902229,11.490742732
744.06778508,11.446300191000002
744.48652055,11.459301994
744.90522868,11.467680140999999
745.32390944,11.494317620999999
745.74256282,11.4971798
746.1611888,11.529000201999999
746.57978736,11.516899769
746.99835849,11.501841376
747.41690215,11.470756904
747.83541834,11.454251566
748.25390703,11.404821907000002
748.67236821,11.394134459000002
749.09080185,11.429352234
749.50920794,11.483080898999999
749.92758646,11.564838089000002
750.34593739,11.620803322
750.7642607,11.667746433
751.18255639,11.617227277000001
751.60082443,11.570747880999999
752.0190648,11.480649318000001
752.43727748,11.403976287
752.85546246,11.326765363
753.27361971,11.326074388999999
753.69174922,11.331221555000003
754.10985097,11.345033969000003
754.52792493,11.382181402999999
754.94597109,11.384556134
755.36398944,11.343969463
755.78197994,11.347729453000001
756.19994258,11.365133759
756.61787735,11.377664587999998
757.03578422,11.416777964000001
757.45366318,11.4183947
757.8715142,11.379629539
758.28933727,11.382427591
758.70713236,11.333937430000002
759.12489946,11.275413280999999
759.54263856,11.277909181
759.96034962,11.310341277000001
760.37803263,11.229800324000001
760.79568758,11.237987180000001
761.21331443,11.267524779
761.63091318,11.305740605
762.04848381,11.292551254
762.46602629,11.404467604
762.88354061,11.482281715000001
763.30102674,11.607857523999998
763.71848468,11.732839365
764.13591439,11.879041896
764.55331586,11.988379077999998
764.97068908,12.096777014999999
765.38803401,12.148018263999997
765.80535065,12.169153638000001
766.22263898,12.230897535999999
766.63989896,12.238438130999999
767.0571306,12.265790574
767.47433386,12.286305173999999
767.89150873,12.364958277000001
768.30865518,12.397286278999998
768.72577321,12.490299933
769.14286278,12.543926564
769.55992389,12.641681613000001
769.97695651,12.667281927000001
770.39396062,12.696961340999998
770.81093621,12.695775616
771.22788325,12.743862413
771.64480173,12.726360689
772.06169163,12.748121231999999
772.47855292,12.709876046
772.89538559,12.745126944999999
773.31218962,12.681799047999998
773.72896499,12.678664406
774.14571169,12.663671845
774.56242968,12.693900082999999
774.97911896,12.585428275999998
775.3957795,12.580242535
775.81241129,12.520506573000002
776.22901431,12.495109054
776.64558853,12.519783221
777.06213394,12.539072922
777.47865052,12.485295054999998
777.89513825,12.468742849
778.3115971,12.4460966
778.72802708,12.387905884
779.14442814,12.344034891
779.56080028,12.290772727
779.97714347,12.312053620999999
780.39345769,12.285577911
780.80974294,12.215030776
781.22599918,12.220260002
781.6422264,12.210287286
782.05842457,12.184180522
782.47459369,12.200667073999998
782.89073373,12.203273488
783.30684467,12.210061267999999
783.72292649,12.286915835999999
784.13897918,12.25943027
784.55500271,12.196737542
784.97099707,12.173211235
785.38696224,12.172317743999999
785.80289819,12.171004603
786.21880491,12.236391564000002
786.63468238,12.320488950999998
787.05053057,12.418681002
787.46634949,12.458304508000001
787.88213909,12.536818788999998
788.29789936,12.716660105999997
788.71363029,12.744728001999999
789.12933186,12.783215190000002
789.54500404,12.850456106000001
789.96064681,12.832644200999999
790.37626017,12.802828149000002
790.79184408,12.927147331
791.20739853,13.048859937
791.62292351,13.217311806000001
792.03841898,13.476399373000001
792.45388494,13.588861382
792.86932136,13.702087135
793.28472822,13.848697811
793.70010551,13.938544054
794.11545321,13.949043927000002
794.53077129,14.02854786
794.94605974,14.108286618
795.36131853,14.152585493999998
795.77654766,14.164210975999998
796.1917471,14.153785049000003
796.60691683,14.082279166000001
797.02205683,14.064788181999997
797.43716709,13.981648765000003
797.85224758,13.952862843999998
798.26729829,13.954210190999998
798.68231919,13.983539556000002
799.09731027,13.967874923
799.5122715,14.030560270999999
799.92720288,13.993955781000002
800.34210438,14.074382710999998
800.75697597,14.161033705000003
801.17181765,14.243924495999996
801.58662939,14.279028408000002
802.00141118,14.278430032
802.41616299,14.211499263999997
802.8308848,14.180432171000001
803.2455766,14.096623884000001
803.66023837,14.006268018
804.07487008,14.127881845000001
804.48947173,14.290124200999998
804.90404329,14.350427145000003
805.31858473,14.464853796
805.73309605,14.597152928999998
806.14757722,14.578519262
806.56202823,14.551949478000003
806.97644905,14.661740176999999
807.39083966,14.650647042
807.80520005,14.558886377999997
808.2195302,14.606500232999997
808.63383009,14.602438539999998
809.0480997,14.471019902
809.46233901,14.480577803000003
809.87654799,14.612179527999999
810.29072665,14.661368045999998
810.70487494,14.70681676
811.11899286,14.800738882000001
811.53308038,14.796276914000003
811.94713749,14.684602619
812.36116416,14.609429629
812.77516039,14.467405198999998
813.18912614,14.411405089000002
813.6030614,14.471507584999998
814.01696615,14.586736777999999
814.43084037,14.576110005999999
814.84468405,14.699481865
815.25849716,14.666110400000003
815.67227968,14.723431112
816.0860316,14.708743655000001
816.49975289,14.825509822
816.91344354,14.769332219999999
817.32710353,14.842428274
817.74073284,14.68940567
818.15433144,14.748758662
818.56789933,14.658380761
818.98143648,14.723875335000002
819.39494287,14.729635479
819.80841849,14.968706936999999
820.2218633,14.898995027000002
820.63527731,15.088092168
821.04866048,15.10438738
821.4620128,15.109762494000003
821.87533424,15.032809493000002
822.2886248,15.129551177
822.70188444,15.045470116999997
823.11511316,15.038448204
823.52831093,15.152221459
823.94147773,15.151804963
824.35461354,15.280510678999999
824.76771835,15.500964352
825.18079213,15.565838581
825.59383487,15.723208922000001
826.00684655,15.923279363000002
826.41982715,15.963931883
826.83277664,15.994914860000003
827.24569502,16.386408505000002
827.65858225,16.439250794
828.07143833,16.435919856
828.48426323,16.491971958
828.89705694,16.610364241
829.30981943,16.671004837999998
829.72255068,16.777415808999997
830.13525068,16.985391504000003
830.54791941,17.399616446
830.96055685,17.326007327000003
831.37316298,17.342291142
831.78573777,17.558292281999996
832.19828122,17.706741224
832.6107933,17.778055903000002
833.023274,18.115384615000004
833.43572328,18.2123616
833.84814115,18.233764017
834.26052757,18.197204935000002
834.67288252,17.85661477
835.08520599,17.785520202999997
835.49749796,17.763026883
835.90975842,17.724756249
836.32198733,17.875428932
836.73418468,18.193881730999998
837.14635046,18.209894915000003
837.55848463,18.290492555
837.9705872,18.490678667
838.38265813,18.450840434000003
838.7946974,18.401486989000002
839.206705,18.665071659
839.61868091,18.877352976999997
840.03062511,18.694146007999997
840.44253757,18.851443644999996
840.85441829,18.899864971
841.26626724,18.860843731000003
841.6780844,18.819159102
842.08986976,18.940896183
842.50162329,18.773926914999997
842.91334498,18.849852607000003
843.3250348,18.868428076
843.73669274,18.815770189000002
844.14831877,18.816106064
844.55991289,18.748115378
844.97147506,18.815497694999998
845.38300528,18.752063219999997
845.79450352,18.82620997
846.20596976,18.776802995999997
846.61740399,18.989441929
847.02880618,18.80431495
847.44017631,18.843050693000002
847.85151437,18.746676212
848.26282034,18.725321998
848.6740942,18.535229476
849.08533592,18.338585754
849.4965455,18.1975996
849.90772291,18.062584102
850.31886813,18.232363596000003
850.72998114,18.373868703000007
851.14106193,18.554168345
851.55211047,18.630059363
851.96312674,18.719670712
852.37411074,18.580750853999998
852.78506243,18.620394173
853.1959818,18.505072526
853.60686882,18.762970899
854.01772349,18.891810775000003
854.42854578,18.940137388999997
854.83933568,19.099172590999995
855.25009315,19.519905631
855.66081819,19.724131749
856.07151078,19.960708458000003
856.48217089,20.370756541000002
856.8927985,20.536998412
857.30339361,20.719871351000002
857.71395618,20.559943719
858.1244862,20.734191998
858.53498366,20.575296664
858.94544852,20.451254588
859.35588078,20.752382544999996
859.76628041,20.942051021999998
860.1766474,21.225704897999996
860.58698172,21.73050284
860.99728335,22.061066007999997
861.40755229,22.010396128000004
861.8177885,22.359787591
862.22799197,22.649909704
862.63816268,22.622188905
863.04830061,22.907925187
863.45840574,23.613016979
863.86847805,23.932518906
864.27851753,23.917335945999998
864.68852415,24.235844197
865.0984979,24.487763915
865.50843876,24.003727412999996
865.9183467,24.107803635
866.32822171,24.050796563
866.73806377,24.388891221
867.14787286,24.443549072
867.55764895,24.766275346000004
867.96739205,24.957316034
868.37710211,25.105474311
868.78677913,25.232486865999995
869.19642308,25.509454015
869.60603395,25.712689401999995
870.01561171,25.740555757000003
870.42515635,25.958944816999995
870.83466785,25.669556396
871.24414619,25.849872182999995
871.65359135,25.761860029
872.06300331,26.245668993
872.47238206,25.937812484
872.88172756,25.984699976
873.29103981,25.747868394
873.70031878,26.242788578
874.10956446,25.890896727
874.51877683,26.525473644000005
874.92795586,27.016383734999998
875.33710155,27.423800820000004
875.74621386,27.184772424
876.15529278,27.365364569
876.5643383,27.362128234
876.97335038,27.281101378
877.38232902,27.143072517
877.79127419,27.091896279000004
878.20018588,27.074255674
878.60906407,26.911424257
879.01790873,26.558379706000004
879.42671984,26.369595676
879.8354974,26.545019445
880.24424138,26.657830240000003
880.65295176,26.595179635
881.06162852,27.164803061999997
881.47027164,27.437842183999997
881.8788811,27.383318278
882.28745689,26.878638828
882.69599898,26.961162616000003
883.10450736,26.611528822999997
883.51298201,26.697447865999997
883.92142291,26.950133115
884.32983003,27.274466215
884.73820337,27.510240522000004
885.14654289,27.746979011
885.55484859,28.017567207000003
885.96312043,28.626822623000002
886.37135842,28.81674269
886.77956251,29.398439601000007
887.18773271,29.385808955000005
887.59586898,29.052648595
888.0039713,28.896295485000003
888.41203966,28.957372005999996
888.82007405,28.940280383999998
889.22807443,29.508689841
889.63604079,29.867642917
890.04397312,29.609665427000003
890.45187139,29.981333784000004
890.85973558,29.756458404
891.26756568,29.354710103000002
891.67536166,29.393887361999997
892.08312351,29.631781831
892.49085121,29.485856712999997
892.89854473,30.053213261999996
893.30620407,30.088683931000002
893.71382919,30.249641663
894.12142009,30.123189712
894.52897673,30.122128173000004
894.93649911,29.883678442000008
895.34398721,30.413344779
895.751441,30.636883311
896.15886046,30.854043144000002
896.56624558,31.366336635
896.97359634,31.577483014000002
897.38091272,32.024856218000004
897.7881947,32.528033303
898.19544225,33.104221904
898.60265537,33.102278236000004
899.00983403,33.467968531000004
899.41697822,33.225646824
899.82408791,32.972257972
900.23116308,33.224555498
900.63820372,34.12049088799999
901.04520981,34.22338569
901.45218132,34.867332605
901.85911824,35.617595957
902.26602056,35.777671374
902.67288824,35.687762351
903.07972127,36.404887984
903.48651964,36.422123748000004
903.89328332,36.429288704
904.3000123,37.275806588
904.70670655,37.866412875
905.11336605,38.110855729
905.51999079,39.441405898
905.92658076,40.728115624
906.33313592,40.791393482000004
906.73965626,40.482276119
907.14614176,41.130072051999996
907.5525924,41.294513957999996
907.95900816,42.500970498
908.36538903,42.604587065
908.77173498,43.315721263
909.178046,43.58806989400001
909.58432207,44.15127079700001
909.99056316,43.935993350000004
910.39676926,45.041165293999995
910.80294035,46.052800343
911.20907641,46.025668679
911.61517742,46.51375149500001
912.02124336,46.974799164000004
912.42727422,46.92376281799999
912.83326996,47.087924441999995
913.23923059,47.681906725999994
913.64515607,47.549302271
914.05104638,46.506290772999996
914.45690152,47.624561404000005
914.86272145,47.766083255
915.26850616,47.849273324
915.67425563,47.851511941999995
916.07996984,48.56455399200001
916.48564877,48.284904324
916.89129241,49.29984599000001
917.29690073,49.757938885
917.70247372,50.452521363
918.10801135,49.804540487
918.51351361,50.36392599
918.91898047,51.396123936
919.32441193,51.210840377
919.72980795,51.57296273000001
920.13516853,53.024327785000004
920.54049363,52.762395364999996
920.94578325,52.036363636
921.35103736,53.356038776000005
921.75625595,52.905680177
922.16143899,52.633023924
922.56658647,52.371928907
922.97169836,52.058285417
923.37677465,52.262282090999996
923.78181532,52.794472767
924.18682035,52.922121743000005
924.59178972,53.386400431000006
924.99672341,53.384344528
925.40162141,52.34834187
925.80648369,52.264928846
926.21131023,51.710878883
926.61610102,52.489768078
927.02085603,53.68690361
927.42557525,54.872928176
927.83025866,55.088526418
928.23490624,56.857663212
928.63951796,56.74585324699999
929.04409382,56.574282499000006
929.44863379,55.816817668
929.85313785,56.19664200300001
930.25760599,56.422950349999994
930.66203818,55.804175666000006
931.06643441,55.425578349
931.47079465,57.02481795299999
931.87511889,58.524441762
932.27940711,58.764455266000006
932.68365929,60.263157894999985
933.0878754,61.909765142000005
933.49205544,62.463131471999986
933.89619938,61.275306872
934.30030721,60.868162012999996
934.70437889,61.550591327999996
935.10841442,61.44901315799999
935.51241378,62.191352951
935.91637694,63.71253518799999
936.3203039,66.072522983
936.72419462,66.933493314
937.12804908,67.26986349399999
937.53186728,67.77916741200002
937.93564919,68.24558272300001
938.3393948,67.290001777
938.74310407,68.366642441
939.146777,69.264894592
939.55041357,70.982241953
939.95401375,71.826759765
940.35757752,74.40833009100001
940.76110488,74.935521689
941.16459579,74.639074145
941.56805025,72.580067632
941.97146822,73.121328741
942.37484969,72.21251523699999
942.77819465,72.64228477600001
943.18150307,74.06776049499999
943.58477494,77.038387304
943.98801022,78.634564642
944.39120892,81.308724831
944.794371,81.61661774699999
945.19749645,82.30474904500001
945.60058525,84.020905925
946.00363738,83.951424568
946.40665282,83.80986081799998
946.80963155,85.746232377
947.21257356,87.786988192
947.61547881,88.035303144
948.0183473,92.620599741
948.42117901,95.490928496
948.82397391,95.835344596
949.22673199,99.862599616
949.62945323,103.16566430099999
950.03213761,101.31111110999998
950.43478511,102.55247691299999
950.8373957,104.56961294
951.23996938,103.69191049800001
951.64250613,102.395987015
952.04500591,107.29071537499999
952.44746872,107.883302297
952.84989454,110.497808392
953.25228334,110.94676442299999
953.65463511,113.62217266700002
954.05694983,113.29085695900001
954.45922747,113.864516127
954.86146803,116.902860945
955.26367148,119.084124833
955.6658378,117.68612373599998
956.06796697,122.43369175399998
956.47005898,124.94860499300003
956.8721138,122.186012449
957.27413142,124.73174366600001
957.67611181,125.692137323
958.07805496,121.604983511
958.47996085,124.00806747300001
958.88182946,128.6416606
959.28366077,131.439308531
959.68545476,140.689514485
960.08721142,147.300717002
960.48893071,148.44001696
960.89061263,144.48275862500003
961.29225716,146.686440673
961.69386427,142.48887090199997
962.09543395,142.01468189200003
962.49696617,140.155801557
962.89846092,148.842631143
963.29991819,150.81012658
963.70133794,150.196735035
964.10272017,148.628831817
964.50406485,149.83108108599998
964.90537196,147.944851358
965.30664148,148.05963506999998
965.7078734,150.996309965
966.1090677,155.658143939
966.51022435,156.812144216
966.91134334,156.344396342
967.31242465,153.01324502900002
967.71346826,160.58707449399998
968.11447415,160.68862275200001
968.5154423,164.83076922900003
968.9163727,169.856483861
969.31726532,176.32824829499995
969.71812014,176.41145833700003
970.11893715,178.768077125
970.51971632,183.79739977699998
970.92045764,182.85327557600002
971.32116109,188.17617165200002
971.72182665,187.78725824699998
972.1224543,184.58057395400002
972.52304402,185.87811633599998
972.92359579,187.969283277
973.32410959,182.520325201
973.72458541,184.60741549200003
974.12502322,191.47939018399998
974.52542301,195.571428569
974.92578475,188.299055022
975.32610843,193.61190613399998
975.72639403,196.71353251199997
976.12664153,198.59421145400003
976.52685091,195.24064171
976.92702215,210.95446038300003
977.32715523,207.627646323
977.72725014,203.90214067000002
978.12730685,209.41176470199997
978.52732534,216.935914563
978.9273056,212.718832896
979.3272476,219.80123371800005
979.72715134,228.777292572
980.12701678,244.19379259800002
980.52684391,245.37576688099998
980.92663271,251.23630672700006
981.32638316,266.738768724
981.72609525,268.875936712
982.12576895,258.021434476
982.52540424,264.06171808100004
982.92500111,267.92929293400005
983.32455953,269.726962439
983.72407949,298.471454886
984.12356097,306.94261522499994
984.52300394,318.15789473200005
984.9224084,339.178378361
985.32177431,321.06854836099996
985.72110167,303.733990133
986.12039045,311.04417670000004
986.51964064,310.46184738999995
986.9188522,310.31589339600004
987.31802514,336.549062831
987.71715942,327.91798107299996
988.11625502,325.4592901710001
988.51531193,322.892561954
988.91433014,353.2606199559999
989.31330961,337.55440416199997
989.71225033,369.04267589399996
990.11115229,354.889380511
990.51001546,372.8190255
990.90883982,334.603501515
991.30762535,353.961625267
991.70637204,350.43478262800005
992.10507987,380.08313540899996
992.50374881,392.56097558700003
992.90237886,447.4074074
993.30096998,462.458563503
993.69952216,523.264984301
994.09803538,549.8371335870002
994.49650962,515.8074534560001
994.89494487,571.4558058509999
995.2933411,660.8695652189999
995.6916983,649.9166666580002
996.09001644,579.489981785
996.4882955,686.3636362290001
996.88653548,588.535262162
997.28473634,520.877192982
997.68289807,540.889621043
998.08102066,553.5314685779999
998.47910407,507.93214858499994
998.87714829,622.1442495220001
999.27515331,637.465886931
999.6731191,583.3510638390001
1000.07104565,630.8128545530001
1000.46893293,752.873563207
1000.86678093,644.0160642560002
1001.26458963,620.758483046
1001.66235901,790.822622198
1002.06008904,821.967213115
1002.45777972,871.8285715530001
1002.85543101,1160.8333333140001
1003.25304291,1916.5217397250003
1003.65061539,1211.853282303
1004.04814844,1098.464163994
1004.44564203,923.427762157
1004.84309615,701.401273875
1005.24051077,665.8433734939999
1005.63788588,774.095238084
1006.03522146,1045.8552634849998
1006.43251749,1384.133333356
1006.82977395,1763.27586204
1007.22699082,2392.834644727
1007.62416809,1993.800000032
1008.02130573,1076.607774216
1008.41840372,1134.9621212119996
1008.81546205,1131.80451149
1009.21248069,882.3888888900001
1009.60945963,908.4571429720002
1010.00639885,1071.610738075
1010.40329832,930.1719196370001
1010.80015804,774.2093022479999
1011.19697798,801.757105957
1011.59375812,739.6208529160001
1011.99049844,934.678899085
1012.38719893,992.149836972
1012.78385955,1498.128079187
1013.18048031,2366.923076051
1013.57706117,9748.437515232
1013.97360212,3583.7078671259997
1014.37010314,39452.500245952004
1014.7665642,38609.999518006
1015.1629853,6678.260862305999
1015.55936641,1934.8447210660001
1015.95570751,2272.8030303039995
1016.35200858,1660.4945059509998
1016.7482696,2131.4685321790002
1017.14449056,2953.333333333
1017.54067144,3509.2045434600004
1017.93681221,2394.50381771
1018.33291286,1770.1104967750002
1018.72897337,1290.6854841109998
1019.12499372,1061.617161702
1019.52097388,1384.104803192
1019.91691385,1469.4857136370001
1020.3128136,1488.8281252470001
